,precision,recall,f1-score,support
Rap/Hip-Hop,0.8409130816505707,0.828976977670071,0.8349023709902371,5777.0
Pop,0.7812223206377326,0.7956698240866035,0.7883798882681564,4434.0
accuracy,0.8145137596709431,0.8145137596709431,0.8145137596709431,0.8145137596709431
macro avg,0.8110677011441516,0.8123234008783372,0.8116411296291968,10211.0
weighted avg,0.814993109627172,0.8145137596709431,0.8147005603556562,10211.0
